<?xml version="1.0"?>
<configuration>
    <property>
        <name>yarn.nodemanager.aux-services</name>
        <value>mapreduce_shuffle</value>
    </property>
    <property>
        <name>yarn.nodemanager.aux-services.mapreduce_shuffle.class</name>
        <value>org.apache.hadoop.mapred.ShuffleHandler</value>
    </property>
    <property>
        <name>yarn.nodemanager.resource.memory-mb</name>
        <value>2200</value>
        <description>Amount of physical memory, in MB, that can be allocated for containers.</description>
    </property>
    <property>
        <name>yarn.scheduler.minimum-allocation-mb</name>
        <value>500</value>
    </property>
</configuration>
